{"stats":{"minecraft:crafted":{"minecraft:crafting_table":1,"minecraft:wooden_pickaxe":1,"minecraft:iron_helmet":1,"minecraft:copper_ingot":71,"minecraft:stone_axe":1,"minecraft:air":0,"minecraft:iron_chestplate":1,"minecraft:iron_boots":1,"minecraft:stick":20,"minecraft:iron_ingot":37,"minecraft:iron_pickaxe":1,"minecraft:stone_pickaxe":1,"minecraft:gold_ingot":4,"minecraft:iron_leggings":2,"minecraft:acacia_planks":32,"minecraft:torch":72},"minecraft:picked_up":{"minecraft:crafting_table":5,"minecraft:tuff":6,"marbledsarsenal:cm6m_gas_mask":2,"minecraft:dirt":2,"minecraft:raw_copper":71,"minecraft:iron_leggings":1,"minecraft:leather_boots":2,"minecraft:bone":1,"minecraft:acacia_planks":15,"pointblank:hs12":1,"minecraft:wheat_seeds":1,"minecraft:raw_gold":4,"minecraft:stone_pickaxe":1,"pointblank:ammo12gauge":8,"minecraft:acacia_sapling":13,"minecraft:stick":26,"minecraft:raw_iron":43,"minecraft:brown_terracotta":1,"projectvibrantjourneys:bark_mushroom":4,"car:canola_seeds":1,"minecraft:torch":1,"minecraft:acacia_log":50,"pointblank:gunmetal_nugget":16,"alexsmobs:animal_dictionary":1,"pointblank:ammo45acp":29,"pointblank:m1911a1":1,"minecraft:light_gray_terracotta":3,"minecraft:rotten_flesh":7,"minecraft:slime_ball":1,"minecraft:stone_axe":1,"minecraft:bread":7,"minecraft:white_terracotta":3,"projectvibrantjourneys:orange_bark_mushroom":5,"minecraft:coal":43,"minecraft:cobblestone":55},"minecraft:dropped":{"car:canola_seeds":1,"minecraft:wheat_seeds":1,"minecraft:crafting_table":2,"minecraft:rotten_flesh":7,"projectvibrantjourneys:orange_bark_mushroom":5,"pointblank:gunmetal_nugget":8,"minecraft:leather_boots":2,"minecraft:acacia_sapling":9,"minecraft:iron_leggings":1,"minecraft:slime_ball":1,"minecraft:stone_pickaxe":1,"minecraft:wooden_pickaxe":1,"projectvibrantjourneys:bark_mushroom":4,"minecraft:bone":1,"marbledsarsenal:cm6m_gas_mask":2},"minecraft:killed_by":{"minecraft:zombie":1},"minecraft:killed":{"hordes:zombie_player":2,"minecraft:zombie":6},"minecraft:used":{"minecraft:acacia_log":2,"minecraft:stone_pickaxe":33,"pointblank:printer":1,"minecraft:wooden_pickaxe":3,"minecraft:white_terracotta":2,"minecraft:torch":43,"minecraft:dirt":1,"minecraft:crafting_table":2,"minecraft:blast_furnace":1,"minecraft:light_gray_terracotta":2,"minecraft:acacia_sapling":4,"minecraft:tuff":6,"minecraft:brown_terracotta":1,"minecraft:bread":5,"minecraft:iron_pickaxe":126,"minecraft:stone_axe":31,"minecraft:cobblestone":6},"minecraft:mined":{"minecraft:tuff":6,"minecraft:acacia_leaves":7,"minecraft:crafting_table":2,"minecraft:light_gray_terracotta":2,"minecraft:acacia_log":30,"minecraft:grass_block":1,"minecraft:copper_ore":20,"minecraft:cobblestone":3,"minecraft:wall_torch":1,"minecraft:white_terracotta":2,"minecraft:iron_ore":40,"minecraft:grass":4,"minecraft:coal_ore":43,"projectvibrantjourneys:short_grass":2,"minecraft:brown_terracotta":1,"minecraft:stone":39,"minecraft:gold_ore":4},"minecraft:custom":{"minecraft:interact_with_furnace":11,"minecraft:mob_kills":8,"minecraft:interact_with_crafting_table":23,"minecraft:leave_game":1,"minecraft:time_since_death":37461,"minecraft:climb_one_cm":210,"minecraft:time_since_rest":37496,"minecraft:sprint_one_cm":72901,"minecraft:damage_taken":329,"minecraft:walk_one_cm":65162,"minecraft:drop":27,"minecraft:damage_dealt":221,"minecraft:fly_one_cm":52586,"minecraft:crouch_one_cm":2017,"minecraft:play_time":67230,"minecraft:deaths":1,"minecraft:sneak_time":569,"minecraft:jump":493,"minecraft:interact_with_blast_furnace":18,"minecraft:walk_on_water_one_cm":65,"minecraft:total_world_time":67230,"minecraft:fall_one_cm":6740}},"DataVersion":3465}