{"stats":{"minecraft:crafted":{"minecraft:crafting_table":1,"minecraft:stick":20,"minecraft:wooden_pickaxe":1,"minecraft:stone_pickaxe":1,"minecraft:acacia_planks":32,"minecraft:torch":40,"minecraft:stone_axe":1},"minecraft:picked_up":{"minecraft:stick":26,"minecraft:raw_iron":6,"minecraft:crafting_table":5,"minecraft:brown_terracotta":1,"projectvibrantjourneys:bark_mushroom":4,"car:canola_seeds":1,"minecraft:acacia_log":50,"pointblank:gunmetal_nugget":6,"marbledsarsenal:cm6m_gas_mask":1,"alexsmobs:animal_dictionary":1,"minecraft:dirt":2,"minecraft:leather_boots":1,"pointblank:ammo45acp":29,"pointblank:m1911a1":1,"minecraft:light_gray_terracotta":3,"minecraft:acacia_planks":15,"minecraft:stone_axe":1,"pointblank:hs12":1,"minecraft:wheat_seeds":1,"minecraft:stone_pickaxe":1,"pointblank:ammo12gauge":8,"minecraft:bread":7,"minecraft:white_terracotta":3,"projectvibrantjourneys:orange_bark_mushroom":5,"minecraft:coal":10,"minecraft:acacia_sapling":13,"minecraft:cobblestone":30},"minecraft:dropped":{"car:canola_seeds":1,"minecraft:wheat_seeds":1,"minecraft:crafting_table":2,"minecraft:acacia_sapling":9,"minecraft:wooden_pickaxe":1,"projectvibrantjourneys:orange_bark_mushroom":5,"projectvibrantjourneys:bark_mushroom":4},"minecraft:killed_by":{"minecraft:zombie":1},"minecraft:killed":{"minecraft:zombie":2,"hordes:zombie_player":2},"minecraft:used":{"minecraft:acacia_log":2,"minecraft:stone_pickaxe":33,"minecraft:bread":2,"minecraft:wooden_pickaxe":3,"minecraft:white_terracotta":1,"minecraft:stone_axe":31,"minecraft:dirt":1,"minecraft:crafting_table":2,"minecraft:light_gray_terracotta":2,"minecraft:acacia_sapling":4},"minecraft:mined":{"minecraft:white_terracotta":2,"minecraft:acacia_leaves":7,"minecraft:iron_ore":3,"minecraft:crafting_table":2,"minecraft:light_gray_terracotta":2,"minecraft:grass":4,"minecraft:acacia_log":30,"minecraft:grass_block":1,"minecraft:coal_ore":10,"projectvibrantjourneys:short_grass":2,"minecraft:brown_terracotta":1,"minecraft:stone":17},"minecraft:custom":{"minecraft:time_since_rest":14015,"minecraft:sprint_one_cm":28635,"minecraft:damage_taken":299,"minecraft:walk_one_cm":33969,"minecraft:mob_kills":4,"minecraft:drop":14,"minecraft:damage_dealt":221,"minecraft:interact_with_crafting_table":5,"minecraft:fly_one_cm":19892,"minecraft:crouch_one_cm":1852,"minecraft:play_time":43749,"minecraft:deaths":1,"minecraft:sneak_time":488,"minecraft:jump":242,"minecraft:leave_game":1,"minecraft:time_since_death":13980,"minecraft:total_world_time":43749,"minecraft:fall_one_cm":3009}},"DataVersion":3465}