{"stats":{"minecraft:crafted":{"minecraft:crafting_table":1,"minecraft:wooden_pickaxe":1,"minecraft:stone_axe":1,"minecraft:air":0,"minecraft:stick":20,"minecraft:iron_ingot":19,"minecraft:iron_pickaxe":1,"minecraft:stone_pickaxe":1,"minecraft:acacia_planks":32,"minecraft:torch":40},"minecraft:picked_up":{"minecraft:crafting_table":5,"minecraft:tuff":6,"marbledsarsenal:cm6m_gas_mask":1,"minecraft:dirt":2,"minecraft:raw_copper":33,"minecraft:leather_boots":1,"minecraft:acacia_planks":15,"pointblank:hs12":1,"minecraft:wheat_seeds":1,"minecraft:raw_gold":4,"minecraft:stone_pickaxe":1,"pointblank:ammo12gauge":8,"minecraft:acacia_sapling":13,"minecraft:stick":26,"minecraft:raw_iron":38,"minecraft:brown_terracotta":1,"projectvibrantjourneys:bark_mushroom":4,"car:canola_seeds":1,"minecraft:torch":1,"minecraft:acacia_log":50,"pointblank:gunmetal_nugget":8,"alexsmobs:animal_dictionary":1,"pointblank:ammo45acp":29,"pointblank:m1911a1":1,"minecraft:light_gray_terracotta":3,"minecraft:rotten_flesh":2,"minecraft:stone_axe":1,"minecraft:bread":7,"minecraft:white_terracotta":3,"projectvibrantjourneys:orange_bark_mushroom":5,"minecraft:coal":10,"minecraft:cobblestone":38},"minecraft:dropped":{"car:canola_seeds":1,"minecraft:wheat_seeds":1,"minecraft:crafting_table":2,"minecraft:rotten_flesh":1,"projectvibrantjourneys:orange_bark_mushroom":5,"minecraft:acacia_sapling":9,"minecraft:stone_pickaxe":1,"minecraft:wooden_pickaxe":1,"projectvibrantjourneys:bark_mushroom":4},"minecraft:killed_by":{"minecraft:zombie":1},"minecraft:killed":{"hordes:zombie_player":2,"minecraft:zombie":3},"minecraft:used":{"minecraft:acacia_log":2,"minecraft:stone_pickaxe":33,"pointblank:printer":1,"minecraft:wooden_pickaxe":3,"minecraft:white_terracotta":2,"minecraft:torch":19,"minecraft:dirt":1,"minecraft:crafting_table":2,"minecraft:blast_furnace":1,"minecraft:light_gray_terracotta":2,"minecraft:acacia_sapling":4,"minecraft:tuff":6,"minecraft:brown_terracotta":1,"minecraft:bread":4,"minecraft:iron_pickaxe":60,"minecraft:stone_axe":31,"minecraft:cobblestone":2},"minecraft:mined":{"minecraft:tuff":6,"minecraft:acacia_leaves":7,"minecraft:crafting_table":2,"minecraft:light_gray_terracotta":2,"minecraft:acacia_log":30,"minecraft:grass_block":1,"minecraft:copper_ore":9,"minecraft:cobblestone":2,"minecraft:wall_torch":1,"minecraft:white_terracotta":2,"minecraft:iron_ore":35,"minecraft:grass":4,"minecraft:coal_ore":10,"projectvibrantjourneys:short_grass":2,"minecraft:brown_terracotta":1,"minecraft:stone":23,"minecraft:gold_ore":4},"minecraft:custom":{"minecraft:interact_with_furnace":5,"minecraft:mob_kills":5,"minecraft:interact_with_crafting_table":13,"minecraft:leave_game":1,"minecraft:time_since_death":25461,"minecraft:time_since_rest":25496,"minecraft:sprint_one_cm":48123,"minecraft:damage_taken":329,"minecraft:walk_one_cm":50010,"minecraft:drop":16,"minecraft:damage_dealt":221,"minecraft:fly_one_cm":32022,"minecraft:crouch_one_cm":1989,"minecraft:play_time":55230,"minecraft:deaths":1,"minecraft:sneak_time":548,"minecraft:jump":350,"minecraft:interact_with_blast_furnace":5,"minecraft:total_world_time":55230,"minecraft:fall_one_cm":4741}},"DataVersion":3465}