{"stats":{"minecraft:crafted":{"minecraft:crafting_table":1,"minecraft:stick":20,"minecraft:wooden_pickaxe":1,"minecraft:stone_pickaxe":1,"minecraft:acacia_planks":32,"minecraft:stone_axe":1},"minecraft:picked_up":{"minecraft:stick":6,"minecraft:raw_iron":3,"minecraft:crafting_table":1,"projectvibrantjourneys:bark_mushroom":4,"car:canola_seeds":1,"minecraft:acacia_log":30,"minecraft:dirt":1,"minecraft:light_gray_terracotta":1,"minecraft:wheat_seeds":1,"minecraft:white_terracotta":1,"projectvibrantjourneys:orange_bark_mushroom":5,"minecraft:acacia_sapling":13,"minecraft:cobblestone":15},"minecraft:dropped":{"car:canola_seeds":1,"minecraft:wheat_seeds":1,"minecraft:acacia_sapling":9,"minecraft:wooden_pickaxe":1,"projectvibrantjourneys:orange_bark_mushroom":5,"projectvibrantjourneys:bark_mushroom":4},"minecraft:used":{"minecraft:acacia_log":2,"minecraft:stone_pickaxe":17,"minecraft:bread":2,"minecraft:wooden_pickaxe":3,"minecraft:stone_axe":30,"minecraft:crafting_table":1,"minecraft:light_gray_terracotta":1,"minecraft:acacia_sapling":4},"minecraft:mined":{"minecraft:white_terracotta":1,"minecraft:acacia_leaves":7,"minecraft:iron_ore":3,"minecraft:crafting_table":1,"minecraft:light_gray_terracotta":1,"minecraft:grass":4,"minecraft:acacia_log":30,"minecraft:grass_block":1,"projectvibrantjourneys:short_grass":2,"minecraft:stone":15},"minecraft:custom":{"minecraft:time_since_rest":22721,"minecraft:sprint_one_cm":17935,"minecraft:damage_taken":79,"minecraft:walk_one_cm":13193,"minecraft:drop":12,"minecraft:interact_with_crafting_table":3,"minecraft:fly_one_cm":15386,"minecraft:crouch_one_cm":379,"minecraft:play_time":22721,"minecraft:sneak_time":141,"minecraft:jump":133,"minecraft:time_since_death":22721,"minecraft:total_world_time":22721,"minecraft:fall_one_cm":2322}},"DataVersion":3465}