{"stats":{"minecraft:mined":{"minecraft:short_grass":15,"minecraft:acacia_log":6},"minecraft:killed":{"minecraft:chicken":1},"minecraft:custom":{"minecraft:jump":42,"minecraft:time_since_rest":5689,"minecraft:damage_dealt":40,"minecraft:crouch_one_cm":1516,"minecraft:leave_game":2,"minecraft:play_time":5689,"minecraft:sprint_one_cm":3083,"minecraft:time_since_death":5689,"minecraft:walk_one_cm":2227,"minecraft:sneak_time":745,"minecraft:total_world_time":5689,"minecraft:mob_kills":1,"minecraft:fall_one_cm":685,"minecraft:fly_one_cm":6924},"minecraft:picked_up":{"minecraft:feather":2,"minecraft:chicken":1,"minecraft:wheat_seeds":1,"minecraft:acacia_log":5}},"DataVersion":3955}