{"stats":{"minecraft:crafted":{"minecraft:wooden_sword":1,"minecraft:oak_planks":24,"minecraft:stone_shovel":1,"minecraft:crafting_table":1,"minecraft:wooden_pickaxe":1,"minecraft:furnace":1,"minecraft:stone_axe":1,"minecraft:air":0,"minecraft:iron_boots":1,"minecraft:iron_chestplate":1,"minecraft:shield":1,"minecraft:stick":16,"minecraft:iron_ingot":14,"minecraft:stone_pickaxe":2,"minecraft:wooden_axe":1,"minecraft:stone_sword":1,"minecraft:acacia_planks":20,"minecraft:torch":28},"minecraft:picked_up":{"minecraft:wooden_axe":1,"minecraft:crafting_table":3,"minecraft:andesite":3,"minecraft:wooden_pickaxe":2,"minecraft:tuff":1,"minecraft:oak_log":6,"minecraft:gunpowder":1,"marbledsarsenal:cm6m_gas_mask":1,"minecraft:dirt":30,"minecraft:wooden_sword":1,"minecraft:leather_boots":1,"pointblank:hs12":1,"minecraft:stone_pickaxe":2,"pointblank:ammo12gauge":6,"minecraft:oak_planks":24,"minecraft:stick":5,"minecraft:raw_iron":28,"minecraft:brown_terracotta":2,"projectvibrantjourneys:bark_mushroom":4,"minecraft:torch":15,"minecraft:acacia_log":5,"minecraft:mossy_cobblestone":4,"alexsmobs:animal_dictionary":1,"pointblank:m1911a1":1,"pointblank:ammo45acp":29,"minecraft:light_gray_terracotta":8,"minecraft:stone_sword":1,"minecraft:rotten_flesh":1,"minecraft:stone_shovel":1,"minecraft:stone_axe":1,"create:scoria":3,"minecraft:bread":8,"minecraft:white_terracotta":28,"minecraft:oak_sapling":4,"minecraft:coal":17,"minecraft:cobblestone":394},"minecraft:dropped":{"minecraft:wooden_pickaxe":1,"minecraft:stone_pickaxe":1},"minecraft:killed_by":{"minecraft:zombie":1,"hordes:zombie_player":1},"minecraft:used":{"minecraft:stone_sword":2,"minecraft:stone_shovel":14,"minecraft:stone_pickaxe":262,"minecraft:wooden_pickaxe":45,"minecraft:white_terracotta":2,"minecraft:leather_boots":1,"minecraft:torch":17,"minecraft:crafting_table":4,"minecraft:wooden_axe":9,"minecraft:bread":8,"minecraft:stone_axe":1,"minecraft:cobblestone":26,"minecraft:furnace":1},"minecraft:mined":{"minecraft:tuff":1,"minecraft:acacia_leaves":2,"minecraft:mossy_cobblestone":2,"minecraft:crafting_table":3,"minecraft:light_gray_terracotta":4,"minecraft:acacia_log":6,"create:scoria":3,"minecraft:cobblestone":11,"minecraft:wall_torch":1,"minecraft:white_terracotta":15,"minecraft:iron_ore":14,"minecraft:andesite":3,"minecraft:grass":2,"minecraft:oak_log":6,"minecraft:coal_ore":12,"minecraft:dirt":15,"minecraft:brown_terracotta":1,"minecraft:stone":241},"minecraft:broken":{"minecraft:stone_pickaxe":2},"minecraft:custom":{"minecraft:interact_with_furnace":9,"minecraft:interact_with_crafting_table":18,"minecraft:leave_game":2,"minecraft:time_since_death":15061,"minecraft:time_since_rest":15184,"minecraft:sprint_one_cm":33625,"minecraft:damage_taken":763,"minecraft:walk_one_cm":45775,"minecraft:drop":2,"minecraft:damage_dealt":98,"minecraft:fly_one_cm":50621,"minecraft:crouch_one_cm":15990,"minecraft:play_time":43268,"minecraft:deaths":2,"minecraft:sneak_time":12610,"minecraft:jump":322,"minecraft:walk_on_water_one_cm":63,"minecraft:total_world_time":43268,"minecraft:fall_one_cm":1581}},"DataVersion":3465}