{"stats":{"minecraft:crafted":{"minecraft:wooden_sword":1,"minecraft:oak_planks":24,"minecraft:stone_shovel":1,"minecraft:crafting_table":1,"minecraft:stick":16,"minecraft:wooden_pickaxe":1,"minecraft:stone_pickaxe":1,"minecraft:wooden_axe":1,"minecraft:stone_sword":1,"minecraft:acacia_planks":20,"minecraft:torch":28,"minecraft:stone_axe":1},"minecraft:picked_up":{"minecraft:stick":5,"minecraft:crafting_table":2,"minecraft:brown_terracotta":1,"projectvibrantjourneys:bark_mushroom":2,"minecraft:acacia_log":5,"minecraft:wooden_pickaxe":1,"minecraft:oak_log":6,"minecraft:dirt":15,"minecraft:light_gray_terracotta":4,"minecraft:stone_pickaxe":1,"minecraft:white_terracotta":15,"minecraft:oak_sapling":2,"minecraft:coal":12,"minecraft:cobblestone":137},"minecraft:dropped":{"minecraft:stone_pickaxe":1,"minecraft:wooden_pickaxe":1},"minecraft:used":{"minecraft:wooden_axe":9,"minecraft:stone_shovel":14,"minecraft:stone_pickaxe":126,"minecraft:wooden_pickaxe":45,"minecraft:white_terracotta":2,"minecraft:stone_axe":1,"minecraft:torch":9,"minecraft:cobblestone":6,"minecraft:crafting_table":3},"minecraft:mined":{"minecraft:white_terracotta":15,"minecraft:acacia_leaves":2,"minecraft:crafting_table":2,"minecraft:light_gray_terracotta":4,"minecraft:grass":2,"minecraft:acacia_log":6,"minecraft:coal_ore":12,"minecraft:oak_log":6,"minecraft:dirt":15,"minecraft:cobblestone":1,"minecraft:brown_terracotta":1,"minecraft:stone":138},"minecraft:custom":{"minecraft:time_since_rest":19011,"minecraft:sprint_one_cm":12598,"minecraft:walk_one_cm":9722,"minecraft:drop":2,"minecraft:interact_with_crafting_table":7,"minecraft:fly_one_cm":10527,"minecraft:crouch_one_cm":8025,"minecraft:play_time":19011,"minecraft:sneak_time":7102,"minecraft:jump":111,"minecraft:time_since_death":19011,"minecraft:total_world_time":19011,"minecraft:fall_one_cm":954}},"DataVersion":3465}