{"stats":{"minecraft:crafted":{"minecraft:wooden_sword":1,"minecraft:acacia_planks":20,"minecraft:crafting_table":1,"minecraft:stick":16,"minecraft:wooden_axe":1},"minecraft:picked_up":{"minecraft:stick":5,"projectvibrantjourneys:bark_mushroom":2,"minecraft:acacia_log":5,"minecraft:oak_log":6,"minecraft:oak_sapling":2},"minecraft:used":{"minecraft:wooden_axe":7,"minecraft:crafting_table":1},"minecraft:mined":{"minecraft:grass":1,"minecraft:acacia_log":6,"minecraft:oak_log":6,"minecraft:acacia_leaves":2},"minecraft:custom":{"minecraft:time_since_rest":7011,"minecraft:play_time":7011,"minecraft:crouch_one_cm":2349,"minecraft:sprint_one_cm":10272,"minecraft:walk_one_cm":3595,"minecraft:sneak_time":1114,"minecraft:jump":74,"minecraft:time_since_death":7011,"minecraft:total_world_time":7011,"minecraft:interact_with_crafting_table":2,"minecraft:fall_one_cm":954,"minecraft:fly_one_cm":9887}},"DataVersion":3465}