{"stats":{"minecraft:crafted":{"minecraft:wooden_sword":1,"minecraft:oak_planks":24,"minecraft:stone_shovel":1,"minecraft:crafting_table":1,"minecraft:stick":16,"minecraft:wooden_pickaxe":1,"minecraft:stone_pickaxe":2,"minecraft:wooden_axe":1,"minecraft:stone_sword":1,"minecraft:acacia_planks":20,"minecraft:torch":28,"minecraft:stone_axe":1},"minecraft:picked_up":{"minecraft:wooden_axe":1,"minecraft:raw_iron":28,"minecraft:stick":5,"minecraft:crafting_table":2,"minecraft:torch":14,"minecraft:brown_terracotta":2,"projectvibrantjourneys:bark_mushroom":4,"minecraft:acacia_log":5,"minecraft:wooden_pickaxe":2,"minecraft:oak_log":6,"minecraft:wooden_sword":1,"alexsmobs:animal_dictionary":1,"pointblank:ammo45acp":29,"marbledsarsenal:cm6m_gas_mask":1,"minecraft:mossy_cobblestone":4,"minecraft:dirt":30,"pointblank:m1911a1":1,"minecraft:leather_boots":1,"minecraft:light_gray_terracotta":8,"minecraft:stone_sword":1,"minecraft:stone_shovel":1,"pointblank:hs12":1,"minecraft:stone_axe":1,"minecraft:stone_pickaxe":2,"pointblank:ammo12gauge":6,"minecraft:bread":8,"minecraft:white_terracotta":28,"minecraft:oak_sapling":4,"minecraft:oak_planks":24,"minecraft:coal":17,"minecraft:cobblestone":329},"minecraft:dropped":{"minecraft:stone_pickaxe":1,"minecraft:wooden_pickaxe":1},"minecraft:killed_by":{"hordes:zombie_player":1,"minecraft:zombie":1},"minecraft:used":{"minecraft:wooden_axe":9,"minecraft:stone_sword":2,"minecraft:bread":1,"minecraft:stone_shovel":14,"minecraft:stone_pickaxe":186,"minecraft:wooden_pickaxe":45,"minecraft:white_terracotta":2,"minecraft:stone_axe":1,"minecraft:torch":14,"minecraft:cobblestone":23,"minecraft:crafting_table":3},"minecraft:mined":{"minecraft:white_terracotta":15,"minecraft:acacia_leaves":2,"minecraft:mossy_cobblestone":2,"minecraft:iron_ore":14,"minecraft:crafting_table":3,"minecraft:light_gray_terracotta":4,"minecraft:grass":2,"minecraft:acacia_log":6,"minecraft:coal_ore":12,"minecraft:oak_log":6,"minecraft:dirt":15,"minecraft:cobblestone":7,"minecraft:brown_terracotta":1,"minecraft:stone":176},"minecraft:broken":{"minecraft:stone_pickaxe":1},"minecraft:custom":{"minecraft:time_since_rest":2927,"minecraft:sprint_one_cm":25200,"minecraft:damage_taken":579,"minecraft:walk_one_cm":31016,"minecraft:drop":2,"minecraft:damage_dealt":98,"minecraft:interact_with_crafting_table":8,"minecraft:fly_one_cm":46127,"minecraft:crouch_one_cm":12516,"minecraft:play_time":31011,"minecraft:deaths":2,"minecraft:sneak_time":10384,"minecraft:jump":206,"minecraft:walk_on_water_one_cm":63,"minecraft:time_since_death":2804,"minecraft:total_world_time":31011,"minecraft:fall_one_cm":1372}},"DataVersion":3465}